id,keyword
0,정만식
1,한국
2,신파
3,액션
4,연출
5,조인성
6,감동
7,마블
8,청불
9,개연
10,스파이더맨
11,토비
12,히어로
13,어메이징
14,맥과이어
15,영웅
16,시리즈
17,애니
18,소니
19,영상
20,음악
21,아이언맨
22,역대
23,최악
24,제인
25,베네딕트
26,캠피온
27,컴버배치
28,긴장감
29,스릴러
30,현실
31,블랙
32,코미디
33,풍자
34,재난
35,미국
36,정치
37,피터
38,토니
39,앤드루
40,엠마
41,결말
42,인간
43,소재
44,메시지
45,사회
46,잔인
47,황정민
48,인질
49,몰입
50,경찰
51,명작
52,캐리
53,멀리건
54,피해자
55,복수
56,주인공
57,예고편
58,캡틴
59,뮤지컬
60,가필드
61,조너선
62,노래
63,극장
64,라슨
65,우디
66,티머시
67,뉴욕
68,앨런
69,재즈
70,영상미
71,피아노
72,박정민
73,눈물
74,가족
75,윤아
76,반전
77,산드라
78,블록
79,가슴
80,사랑
81,동생
82,정도
83,예상
84,인생
85,현대판
86,백설
87,희망
88,자유
89,눈빛
90,캐럴
91,케이트
92,아름
93,블란쳇
94,장면
95,타란티노
96,쿠엔틴
97,왈츠
98,장고
99,크리스토프
100,슐츠
101,통쾌
102,강동원
103,여운
104,동화
105,아역
106,성민
107,판타지
108,기억
109,이해
110,추억
111,헤어
112,남자
113,크리스털
114,정수정
115,어른
116,어린이날
117,크루즈
118,스칼렛
119,감정
120,요한슨
121,목소리
122,우주
123,지구
124,그래비티
125,맥스
126,그레이
127,공포
128,다큐
129,곡성
130,홍진
131,기분
132,소름
133,미스터리
134,에마
135,톰슨
136,소년
137,원작
138,이소룡
139,작품
140,무술
141,카리스마
142,싱하
143,전설
144,로맨틱
145,크리스마스
146,행복
147,주드
148,마음
149,에일리언
150,프로메테우스
151,데이비드
152,스콧
153,리들리
154,창조
155,자존
156,르네
157,여자
158,외모
159,연대
160,감성
161,시절
162,신선
163,컴퓨터
164,킬링
165,라이언
166,레이놀즈
167,개츠비
168,데이지
169,디카프리오
170,대사
171,정신
172,졸리
173,위노나
174,라이더
175,앤젤리나
176,외계인
177,후속
178,부모
179,가정
180,아들
181,이야기
182,싱크홀
183,웃음
184,존스
185,모험
186,인디아나
187,어드벤처
188,시작
189,스필버그
190,아버지
191,마동석
192,김무열
193,김성규
194,오버
195,김규리
196,브래드
197,피트
198,샤론
199,할리우드
200,줄리아
201,로맨스
202,그랜
203,로버츠
204,긍정
205,유쾌
206,샤넬
207,교훈
208,미셸
209,크리스토퍼
210,실화
211,조니
212,초콜릿
213,버튼
214,윌리
215,제이크
216,질런홀
217,순간이동
218,점퍼
219,능력
220,콘서트
221,레미
222,제라
223,윤동주
224,부끄
225,시인
226,흑백
227,동주
228,송몽규
229,리처
230,추리
231,전개
232,나름
233,미션
234,김민희
235,박찬욱
236,실망
237,변태
238,전쟁
239,신념
240,양심
241,종교
242,평론가
243,경제
244,금융
245,고의
246,이병헌
247,윤계상
248,마블링
249,조선족
250,산타
251,어벤저스
252,매드
253,대박
254,테론
255,패딩턴
256,헨리
257,전투
258,역사
259,가난
260,기생충
261,봉준호
262,불쾌
263,냄새
264,사극
265,김윤석
266,초반
267,레이첼
268,고스트
269,버스터
270,예전
271,주지훈
272,사투리
273,범죄
274,형사
275,억지
276,수준
277,관객
278,공명
279,튜링
280,천재
281,로봇
282,스케일
283,거대
284,트랜스포머
285,소닉
286,게임
287,유치
288,테일즈
289,포켓몬
290,뮤츠
291,극장판
292,인공
293,포레스트
294,검프
295,아바
296,아만다
297,메릴
298,하정우
299,슈퍼
300,아줌마
301,올드
302,최민식
303,승연
304,공감
305,요즘
306,모습
307,매력
308,원초
309,스톤
310,본능
311,쓰레기
312,김래원
313,해바라기
314,오태식
315,속이
316,손예진
317,조승우
318,멜로
319,클래식
320,강하늘
321,스릴
322,긴장
323,차승원
324,엄태구
325,누아르
326,신세계
327,박훈정
328,일병
329,크리스천
330,베일
331,체니
332,쿠키
333,사기
334,프랭크
335,터미네이터
336,아널드
337,잔혹
338,오필리아
339,우리나라
340,엔딩
341,감사
342,뱀파이어
343,트와일라잇
344,에드워드
345,인도
346,큐브
347,탈출
348,쏘우
349,할리퀸
350,조커
351,캐릭터
352,마고
353,악당
354,놀런
355,힐링
356,류준열
357,시골
358,일본
359,리틀
360,무간도
361,디파티드
362,파리
363,과거
364,지브리
365,여행
366,시대
367,옛날
368,성우
369,이름
370,공각
371,기동대
372,배트맨
373,다크
374,비긴즈
375,공룡
376,쥐라기
377,랩터
378,공원
379,중간
380,공유
381,고쿠
382,스미
383,베이비
384,쥬만지
385,옵티머스
386,중국
387,프라임
388,제니퍼
389,로렌스
390,배틀
391,마술
392,상상력
393,바퀴벌레
394,스티븐
395,미래
396,크루
397,스타
398,다크니스
399,스팍
400,드라마
401,그녀
402,당시
403,충격
404,러브
405,인터
406,스텔라
407,상상
408,과학
409,안톤
410,하비에르
411,바르뎀
412,노인
413,최우식
414,영재
415,거인
416,대화
417,비포
418,하루
419,악마
420,겨울
421,프로
422,애니메이션
423,조정석
424,엑시트
425,정우성
426,시국
427,하리
428,학년
429,추적
430,실종
431,위기
432,중년
433,발견
434,기싸움
435,이모
436,여정
437,와일드
438,멕시코
439,내면
440,주스
441,참가
442,결혼식
443,조지프
444,원수
445,운명
446,가의
447,기회
448,대가
449,일생일대
450,재기
451,모른다
452,사내
453,역주행
454,강제
455,청춘
456,촬영
457,연인
458,환생
459,수도
460,탄지
461,고토
462,브로디
463,판단
464,직전
465,변절
466,포로
467,용의
468,대륙
469,안제이
470,동명
471,방법
472,창조물
473,무인도
474,커플
475,로드
476,트립
477,유일
478,바이크
479,좌충우돌
480,공통점
481,지옥
482,가운데
483,도시
484,서서
485,자운
486,마법
487,가상
488,난무
489,환전
490,자금
491,일간
492,상처
493,사고
494,결과
495,거액
496,서바이벌
497,금강
498,사혼
499,지네
500,사이
501,가영
502,봉인
503,현상금
504,태양계
505,세계
506,수배자
507,일반
508,배상
509,의사
510,자폐증
511,의문
512,제기
513,소통
514,병원
515,사우스
516,생김새
517,파크
518,녀석
519,인방
520,생존자
521,전차
522,방영
523,애틀랜타
524,위험
525,도중
526,프랑스어
527,마케팅
528,만한
529,아저씨
530,훈련병
531,어머니
532,복수심
533,극사실주의
534,솔로
535,온몸
536,대서사
537,친구
538,스폰지
539,시티
540,해면동물
541,서른
542,록지
543,고민
544,종우
545,서울
546,고시원
547,대학
548,그날
549,일손
550,만사
551,행동
552,특권층
553,사립
554,학교
555,사사건건
556,호텔
557,특급
558,근무
559,괴팍
560,수백만
561,영혼
562,삽시간
563,책임
564,폭탄
565,치명
566,서로
567,방식
568,만의
569,골든
570,타임
571,신고
572,센터
573,사수
574,별명
575,대책
576,여학생
577,신부
578,주장
579,고통
580,소녀
581,조선
582,양반
583,먹방
584,매주
585,프로그램
586,정보
587,개념
588,극한
589,강력범
590,카타르시스
591,정의
592,전국
593,대회
594,허구
595,막장
596,파멸
597,열차
598,귀재
599,손절
600,개미
601,아이콘
602,교육
603,의지
604,베스
605,진정제
606,경계
607,문제
608,호화
609,강의
610,최종
611,진행
612,검찰
613,내부
614,진실
615,촉발
616,스폰서
617,김윤정
618,현재
619,무전기
620,황금
621,대표
622,낚시
623,자타
624,진심
625,오늘
626,이태원
627,중퇴
628,창업
629,거리
630,건축물
631,무영
632,역병
633,지독
634,이등병
