genre,keyword
액션,활약
액션,해결
액션,정의
액션,움직임
액션,권선징악
코미디,웃음
코미디,과장
코미디,개그
코미디,풍자
코미디,병맛
다큐멘터리,기록
다큐멘터리,논픽션
다큐멘터리,사실
다큐멘터리,자연
다큐멘터리,사회
판타지,가상
판타지,의문
판타지,비리얼리즘
공포,호러
공포,좀비
공포,유령
공포,두려움
공포,놀람
음악,노래
음악,뮤지컬
음악,연주
음악,뮤지션
음악,보컬
로맨스,사랑
로맨스,치정
로맨스,로맨틱
로맨스,연애
로맨스,남녀
스포츠,선수
스포츠,경기
스포츠,코치
스포츠,기록
스포츠,올림픽
서부,미국
서부,개척사
서부,총잡이
Made in Europe,스페인
Made in Europe,독일
Made in Europe,영국
Made in Europe,그리스
Made in Europe,프랑스
애니메이션,극장판
애니메이션,캐릭터
애니메이션,만화
애니메이션,디즈니
애니메이션,더빙
범죄,범죄자
범죄,사건
범죄,형사
범죄,신문
범죄,교도소
드라마,정서
역사,사실
역사,고려
역사,전투
역사,부대
역사,소련
가족,오락
가족,건전
가족,아이들
스릴러,대결
스릴러,게임
스릴러,추적
스릴러,살인마
스릴러,비밀리
SF,과학
SF,외계
SF,우주
SF,인류
SF,인공지능
전쟁,현대
전쟁,중세
전쟁,나치
전쟁,임무
전쟁,암호
Reality TV,리얼리티
Reality TV,시리즈
Reality TV,일반
