Title,Date
"투 핫!: 시즌 2: 그린 라이트 다음은? 뜨거운 밤!","21. 12. 27."
"투 핫!: 시즌 2: 돈이 줄줄","21. 12. 27."
"투 핫!: 시즌 2: 우정보단 남자","21. 12. 27."
"투 핫! 브라질: 시즌 1: 신의 혹은 배반","21. 12. 27."
"투 핫! 브라질: 시즌 1: 이건 몰랐지?","21. 12. 27."
"투 핫!: 시즌 2: 그만 포기해","21. 12. 27."
"투 핫!: 시즌 2: 거부할 수 없는 제안","21. 12. 27."
"투 핫!: 시즌 2: 모든 걸 다스려라, 유혹만 빼고","21. 12. 27."
"투 핫!: 시즌 2: 망했어!","21. 12. 27."
"투 핫!: 시즌 2: 피터를 조심하세요","21. 12. 27."
"투 핫!: 시즌 2: 감히 원뿔 따위가 막아?","21. 12. 27."
"그 해 우리는: 시즌 1: 오만과 편견","21. 12. 26."
"그 해 우리는: 시즌 1: 말 할 수 없는 비밀","21. 12. 26."
"하트가 빛나는 순간: 시즌1: 나의 존재감","21. 12. 25."
"불가살: 시즌 1: 1화","21. 12. 25."
"아는 형님: 2021: 2021-10-23","21. 12. 25."
"솔로지옥: 시즌 1: 4화","21. 12. 25."
"솔로지옥: 시즌 1: 3화","21. 12. 25."
"고요의 바다: 시즌 1: 고요의 바다","21. 12. 25."
"고요의 바다: 시즌 1: 루나","21. 12. 25."
"고요의 바다: 시즌 1: 구원의 열쇠","21. 12. 25."
"고요의 바다: 시즌 1: 비밀 저장고","21. 12. 25."
"고요의 바다: 시즌 1: 드러나는 진실","21. 12. 25."
"고요의 바다: 시즌 1: 죽음의 이유","21. 12. 25."
"고요의 바다: 시즌 1: 세 개의 저장고","21. 12. 25."
"고요의 바다: 시즌 1: 발해기지","21. 12. 25."
"솔로지옥: 시즌 1: 2화","21. 12. 24."
"솔로지옥: 시즌 1: 1화","21. 12. 24."
"모가디슈","21. 12. 24."
"그 해 우리는: 시즌 1: 그 시절, 우리가 좋아했던 소녀? 소년?","21. 12. 15."
"카케구루이: 시즌 1: 4화","21. 12. 15."
"카케구루이: 시즌 1: 3화","21. 12. 15."
"카케구루이: 시즌 1: 2화","21. 12. 15."
"카케구루이: 시즌 1: 1화","21. 12. 15."
"그 해 우리는: 시즌 1: 내가 널 싫어하는 10가지 이유","21. 12. 14."
"신의 탑 -Tower of God-: 시즌1: 밥과 술래잡기","21. 12. 2."
"신의 탑 -Tower of God-: 시즌1: 포지션 나누기","21. 12. 2."
"신의 탑 -Tower of God-: 시즌1: 왕관의 행방","21. 12. 2."
"신의 탑 -Tower of God-: 시즌1: 초록 사월","21. 12. 2."
"신의 탑 -Tower of God-: 시즌1: 정답의 문","21. 12. 2."
"신의 탑 -Tower of God-: 시즌1: 400분의 3","21. 12. 2."
"신의 탑 -Tower of God-: 시즌1: BALL","21. 12. 2."
"노블레스: 시즌1: 노블레스 / Take Her Hand","21. 12. 1."
"노블레스: 시즌1: 모든 것을 바로잡기 위해 / Execution","21. 12. 1."
"노블레스: 시즌1: 로드 / Lost Child","21. 12. 1."
"노블레스: 시즌1: 위험한 남자 / LOVEPARADE","21. 12. 1."
"노블레스: 시즌1: 피의 계약 / Devote","21. 12. 1."
"노블레스: 시즌1: 프랑켄슈타인 / First Contact","21. 12. 1."
"노블레스: 시즌1: 내가 좋아하는 그녀는 귀족 / Unforgettable","21. 12. 1."
"노블레스: 시즌1: 엄청난 힘 / Raizel","21. 12. 1."
"노블레스: 시즌1: 친구의 손 / Fight for…","21. 12. 1."
"노블레스: 시즌1: 거미줄 / Long Fall","21. 12. 1."
"노블레스: 시즌1: 밤의 발소리 / Fall out","21. 12. 1."
"노블레스: 시즌1: 싸우는 이유 / Nobility","21. 12. 1."
"노블레스: 시즌1: 지켜야만 하는 것 / Ordinary","21. 12. 1."
"그레이의 50가지 그림자","21. 12. 1."
"택시운전사","21. 11. 17."
"섹스/라이프: 시즌 1: 그녀는 코네티컷의 주부","21. 11. 15."
"클로이","21. 11. 13."
"극장판 귀멸의 칼날: 무한열차편","21. 11. 1."
"오징어 게임: 시즌 1: 평등한 세상","21. 11. 1."
"오징어 게임: 시즌 1: 쫄려도 편먹기","21. 11. 1."
"오징어 게임: 시즌 1: VIPS","21. 10. 22."
"마이 네임: 시즌 1: 8화","21. 10. 22."
"상류사회","21. 9. 20."
"방자전","21. 9. 14."
"기생충","21. 9. 14."
"구타유발자들","21. 9. 14."
"국가부도의 날","21. 9. 14."
"강남 1970","21. 9. 13."
"해피엔드","21. 9. 13."
"사랑의 불시착: 시즌 1: 16화","21. 9. 13."
"사랑의 불시착: 시즌 1: 15화","21. 9. 13."
"사랑의 불시착: 시즌 1: 14화","21. 9. 13."
"사랑의 불시착: 시즌 1: 13화","21. 9. 13."
"사랑의 불시착: 시즌 1: 12화","21. 9. 12."
"사랑의 불시착: 시즌 1: 11화","21. 9. 12."
"사랑의 불시착: 시즌 1: 10화","21. 9. 5."
"귀멸의 칼날: 카마도 탄지로 입지편: 멧돼지는 이빨을 드러내고 젠이츠는 잠이 든다","21. 9. 5."
"미스트롯2: 시즌2: 2021-01-21","21. 8. 29."
"미스트롯2: 시즌2: 2021-01-28","21. 8. 29."
"미스트롯2: 시즌2: 2021-02-04","21. 8. 29."
"색즉시공 시즌 2","21. 6. 17."
"써니","21. 6. 9."
"황제를 위하여","21. 5. 28."
"박쥐","21. 5. 24."
"아는 형님: 2021: 2021-01-02","21. 5. 24."
"귀멸의 칼날: 카마도 탄지로 입지편: 오합지졸 가족","21. 5. 22."
"귀멸의 칼날: 카마도 탄지로 입지편: 히노카미","21. 5. 22."
"귀멸의 칼날: 카마도 탄지로 입지편: 가짜 인연","21. 5. 22."
"귀멸의 칼날: 카마도 탄지로 입지편: 한 가지 일에 끝장을 봐라","21. 5. 22."
"귀멸의 칼날: 카마도 탄지로 입지편: 자신이 아닌 누군가를 앞에","21. 5. 22."
"귀멸의 칼날: 카마도 탄지로 입지편: 나타구모 산","21. 5. 22."
"귀멸의 칼날: 카마도 탄지로 입지편: 등꽃 가문의 집","21. 5. 22."
"귀멸의 칼날: 카마도 탄지로 입지편: 목숨보다 소중한 것","21. 5. 22."
"귀멸의 칼날: 카마도 탄지로 입지편: 장구의 저택","21. 5. 22."
"귀멸의 칼날: 카마도 탄지로 입지편: 언제나 함께 있어","21. 5. 22."
"귀멸의 칼날: 카마도 탄지로 입지편: 색실공 혈귀와 화살표 혈귀","21. 5. 22."
"귀멸의 칼날: 카마도 탄지로 입지편: 환혹의 피 냄새","21. 5. 22."
"귀멸의 칼날: 카마도 탄지로 입지편: 키부츠지 무잔","21. 5. 22."
"귀멸의 칼날: 카마도 탄지로 입지편: 혈귀를 데려온 검사","21. 5. 22."
"귀멸의 칼날: 카마도 탄지로 입지편: 자신의 철","21. 5. 22."
"귀멸의 칼날: 카마도 탄지로 입지편: 최종 선별","21. 5. 22."
"귀멸의 칼날: 카마도 탄지로 입지편: 사비토와 마코모","21. 5. 22."
"귀멸의 칼날: 카마도 탄지로 입지편: 육성자 우로코다키 사콘지","21. 5. 22."
"돈의 맛","21. 5. 17."
"박화영","21. 5. 17."
"추격자","21. 5. 17."
"귀멸의 칼날: 카마도 탄지로 입지편: 새로운 임무","21. 5. 15."
"귀멸의 칼날: 카마도 탄지로 입지편: 대율 위반","21. 5. 13."
"봉이 김선달","21. 5. 12."
"하하하","21. 5. 11."
"잘알지도못하면서","21. 5. 11."
"무뢰한","21. 5. 11."
"비밀은 없다","21. 5. 11."
"지푸라기라도 잡고 싶은 짐승들","21. 5. 11."
"귀멸의 칼날: 카마도 탄지로 입지편: 츠구코, 츠유리 카나오","21. 5. 11."
"귀멸의 칼날: 카마도 탄지로 입지편: 기능 회복 훈련","21. 5. 11."
"귀멸의 칼날: 카마도 탄지로 입지편: 주합 회의","21. 5. 11."
"귀멸의 칼날: 카마도 탄지로 입지편: 수장","21. 5. 11."
"귀멸의 칼날: 카마도 탄지로 입지편: 잔혹","21. 5. 9."
"쌍화점","21. 5. 3."
"껴안기 좋은 날씨","21. 4. 24."
"버닝","21. 4. 24."
"범죄의 재구성","21. 4. 24."
"넘버 3","21. 4. 23."
"변신","21. 4. 14."
"리얼","21. 4. 12."
"순수의 시대","21. 4. 12."
"연애의 목적","21. 4. 11."
"등산의 목적","21. 4. 4."
"간신","21. 4. 1."
"아가씨","21. 4. 1."
"브리저튼: 시즌 1: 최고의 다이아몬드","21. 4. 1."
"핫 걸 원티드","21. 4. 1."
"마담 뺑덕","21. 4. 1."
"아내가 결혼했다","21. 3. 30."
"달콤, 살벌한 연인","21. 3. 30."
"미스 푸줏간","21. 3. 30."
"극적인 하룻밤","21. 3. 30."
"365일","21. 3. 30."
"임금님의 사건수첩","21. 3. 30."
"사랑 없는 숲","21. 3. 30."
"50가지 그림자: 심연","21. 3. 30."
"원초적 본능","21. 3. 29."
"300: 제국의 부활","21. 3. 28."
"나의 PS 파트너","21. 3. 25."
"가루지기","21. 3. 25."
"바람 바람 바람","21. 3. 23."
"붉은 바캉스 검은 웨딩","21. 3. 23."
"지금 사랑하는 사람과 살고 있습니까?","21. 3. 23."
"밀애","21. 3. 23."
"타짜","21. 3. 23."
"탐정: 리턴즈","21. 3. 19."
"펜트하우스 코끼리","21. 3. 19."
"색, 계","21. 3. 19."
"이태원 클라쓰: 시즌 1: 16화","20. 12. 10."
"이태원 클라쓰: 시즌 1: 15화","20. 12. 10."
"이태원 클라쓰: 시즌 1: 14화","20. 12. 10."
" ","20. 12. 6."
"이태원 클라쓰: 시즌 1: 13화","20. 11. 29."
"남과 여","20. 11. 7."
"암살","20. 10. 26."
"밀정","20. 10. 26."
"의뢰인","20. 9. 21."
"나쁜 녀석들: 시즌 1: 제4회","20. 8. 30."
"사랑의 불시착: 시즌 1: 9화","20. 8. 21."
"사랑의 불시착: 시즌 1: 8화","20. 8. 21."
"사랑의 불시착: 시즌 1: 7화","20. 8. 21."
"사랑의 불시착: 시즌 1: 6화","20. 8. 21."
"사랑의 불시착: 시즌 1: 5화","20. 8. 21."
"사랑의 불시착: 시즌 1: 4화","20. 8. 21."
"사랑의 불시착: 시즌 1: 3화","20. 8. 21."
"사랑의 불시착: 시즌 1: 2화","20. 8. 21."
"사랑의 불시착: 시즌 1: 1화","20. 8. 21."
"타짜: 원 아이드 잭","20. 8. 20."
"강철비","20. 8. 5."
"실미도","20. 7. 28."
"후궁：제왕의 첩","20. 7. 14."
"인간중독","20. 7. 14."
"카케구루이: 카케구루이 xx: 이치를 아는 여자","20. 7. 5."
"카케구루이: 카케구루이 xx: 곁에 있는 여자","20. 7. 5."
"카케구루이: 도박에 미친 여자","20. 7. 5."
"유혹","20. 7. 5."
"더 킹","20. 7. 5."
"통 메모리즈: 시즌 1: 4부","20. 7. 5."
"통 메모리즈: 시즌 1: 3부","20. 7. 5."
"통 메모리즈: 시즌 1: 2부","20. 7. 5."
"아는 형님: 2020: 김성령, 박신혜, 전종서 편","20. 6. 29."
"검사외전","20. 6. 20."
"카케구루이: 카케구루이 xx: 제로인 여자","20. 6. 17."
"카케구루이: 카케구루이 xx: X라는 여자","20. 6. 17."
"카케구루이: 카케구루이 xx: 이겨야 사는 여자","20. 6. 17."
"카케구루이: 카케구루이 xx: 배신하는 여자","20. 6. 17."
"카케구루이: 카케구루이 xx: 할리우드에서 온 여자","20. 6. 14."
"카케구루이: 카케구루이 xx: 변신하는 여자","20. 6. 14."
"카케구루이: 카케구루이 xx: 통하는 여자들","20. 6. 14."
"카케구루이: 카케구루이 xx: 건드릴 수 없는 여자","20. 6. 14."
"카케구루이: 카케구루이 xx: 모모바미 가문의 여자","20. 6. 14."
"카케구루이: 카케구루이 xx: 다시 도박에 미친 여자들","20. 6. 13."
"카케구루이: 인생을 건 여자","20. 6. 13."
"카케구루이: 선택하는 여자","20. 6. 13."
"카케구루이: 꿈꾸는 여자","20. 6. 13."
"카케구루이: 아이돌인 여자","20. 6. 13."
"카케구루이: 거절하는 여자들","20. 6. 12."
"카케구루이: 유혹하는 여자","20. 6. 12."
"카케구루이: 인간이 된 여자","20. 6. 12."
"카케구루이: 가축이 된 여자","20. 6. 12."
"치외법권","20. 6. 12."
"카케구루이: 실눈의 여자","20. 6. 10."
"카케구루이: 시시한 여자","20. 6. 10."
"카케구루이: 쟈바미 유메코라는 여자","20. 6. 10."
"원펀맨: 시즌 2: 제자의 뒷수습","20. 6. 6."
"극장판 일곱 개의 대죄: 천공의 포로","20. 6. 6."
"은하","20. 6. 5."
"불한당: 나쁜 놈들의 세상","20. 6. 4."
"진격의 거인: 진격의 거인 2기: 짐승 거인","20. 6. 4."
"통 메모리즈: 시즌 1: 1부","20. 6. 1."
"친구 2","20. 5. 11."
"암수살인","20. 4. 30."
"용의자","20. 4. 30."
"남산의 부장들","20. 4. 27."
"당신과 나, 그리고 그녀: 시즌 1: 스리섬","20. 4. 18."
"특별시민","20. 4. 17."
"롱 리브 더 킹: 목포 영웅","20. 4. 17."
"안시성","20. 4. 16."
"작전","20. 4. 16."
"신과함께-인과 연","20. 4. 16."
"신과함께-죄와 벌","20. 4. 13."
"블랙머니","20. 4. 13."
"일곱 개의 대죄: 계명의 부활: 네가 있는 것만으로","20. 4. 11."
"일곱 개의 대죄: 계명의 부활: 영웅, 일어서다!","20. 4. 11."
"일곱 개의 대죄: 계명의 부활: 죄의 귀환","20. 4. 11."
"일곱 개의 대죄: 계명의 부활: 멜리오다스 vs 십계","20. 4. 11."
"킹스맨: 시크릿 에이전트","20. 3. 28."
"이태원 클라쓰: 시즌 1: 12화","20. 3. 18."
"이태원 클라쓰: 시즌 1: 11화","20. 3. 16."
"이태원 클라쓰: 시즌 1: 10화","20. 3. 9."
"이태원 클라쓰: 시즌 1: 9화","20. 3. 9."
"설국열차","20. 2. 26."
"이태원 클라쓰: 시즌 1: 8화","20. 2. 26."
"이태원 클라쓰: 시즌 1: 7화","20. 2. 22."
"이태원 클라쓰: 시즌 1: 6화","20. 2. 19."
"이태원 클라쓰: 시즌 1: 5화","20. 2. 19."
"이누야사 극장판 4 : 홍련의 봉래도","20. 2. 12."
"이태원 클라쓰: 시즌 1: 4화","20. 2. 12."
"이태원 클라쓰: 시즌 1: 3화","20. 2. 12."
