title,keyword
모가디슈,정만식
모가디슈,한국
모가디슈,신파
모가디슈,액션
모가디슈,연출
모가디슈,조인성
모가디슈,감동
베놈,마블
베놈,청불
베놈,개연
베놈,액션
스파이더맨,스파이더맨
스파이더맨,토비
스파이더맨,히어로
스파이더맨,어메이징
스파이더맨,맥과이어
스파이더맨,영웅
스파이더맨,시리즈
스파이더맨: 뉴 유니버스,스파이더맨
스파이더맨: 뉴 유니버스,애니
스파이더맨: 뉴 유니버스,소니
스파이더맨: 뉴 유니버스,영상
스파이더맨: 뉴 유니버스,연출
스파이더맨: 뉴 유니버스,음악
스파이더맨: 홈커밍,스파이더맨
스파이더맨: 홈커밍,마블
스파이더맨: 홈커밍,토비
스파이더맨: 홈커밍,아이언맨
스파이더맨: 홈커밍,역대
스파이더맨: 홈커밍,히어로
스파이더맨: 홈커밍,최악
파워 오브 도그,제인
파워 오브 도그,베네딕트
파워 오브 도그,연출
파워 오브 도그,캠피온
파워 오브 도그,컴버배치
파워 오브 도그,긴장감
파워 오브 도그,스릴러
돈 룩 업,현실
돈 룩 업,블랙
돈 룩 업,코미디
돈 룩 업,풍자
돈 룩 업,재난
돈 룩 업,미국
돈 룩 업,정치
스파이더맨: 파 프롬 홈,스파이더맨
스파이더맨: 파 프롬 홈,마블
스파이더맨: 파 프롬 홈,피터
스파이더맨: 파 프롬 홈,아이언맨
스파이더맨: 파 프롬 홈,시리즈
스파이더맨: 파 프롬 홈,액션
스파이더맨: 파 프롬 홈,토니
어메이징 스파이더맨,스파이더맨
어메이징 스파이더맨,어메이징
어메이징 스파이더맨,토비
어메이징 스파이더맨,액션
어메이징 스파이더맨,앤드루
어메이징 스파이더맨,엠마
어메이징 스파이더맨,시리즈
더 플랫폼,결말
더 플랫폼,인간
더 플랫폼,소재
더 플랫폼,메시지
더 플랫폼,사회
더 플랫폼,잔인
인질,황정민
인질,인질
인질,긴장감
인질,몰입
인질,경찰
인질,연출
스파이더맨 2,스파이더맨
스파이더맨 2,토비
스파이더맨 2,히어로
스파이더맨 2,시리즈
스파이더맨 2,어메이징
스파이더맨 2,영웅
스파이더맨 2,명작
프라미싱 영 우먼,캐리
프라미싱 영 우먼,결말
프라미싱 영 우먼,멀리건
프라미싱 영 우먼,피해자
프라미싱 영 우먼,복수
프라미싱 영 우먼,현실
프라미싱 영 우먼,주인공
어메이징 스파이더맨 2,스파이더맨
어메이징 스파이더맨 2,액션
어메이징 스파이더맨 2,어메이징
어메이징 스파이더맨 2,예고편
어메이징 스파이더맨 2,시리즈
어메이징 스파이더맨 2,마블
어메이징 스파이더맨 2,캡틴
"틱, 틱... 붐!",앤드루
"틱, 틱... 붐!",뮤지컬
"틱, 틱... 붐!",가필드
"틱, 틱... 붐!",조너선
"틱, 틱... 붐!",노래
"틱, 틱... 붐!",극장
"틱, 틱... 붐!",라슨
레이니 데이 인 뉴욕,우디
레이니 데이 인 뉴욕,티머시
레이니 데이 인 뉴욕,뉴욕
레이니 데이 인 뉴욕,앨런
레이니 데이 인 뉴욕,재즈
레이니 데이 인 뉴욕,영상미
레이니 데이 인 뉴욕,피아노
기적,감동
기적,박정민
기적,눈물
기적,가족
기적,윤아
기적,반전
언포기버블,산드라
언포기버블,블록
언포기버블,눈물
언포기버블,감동
언포기버블,가슴
언포기버블,사랑
언포기버블,동생
아이 씨 유,반전
아이 씨 유,정도
아이 씨 유,예상
아이 씨 유,스릴러
아이 씨 유,긴장감
아이 씨 유,인생
스파이더맨 3,스파이더맨
스파이더맨 3,토비
스파이더맨 3,시리즈
스파이더맨 3,어메이징
스파이더맨 3,피터
스노우 화이트,현대판
스노우 화이트,백설
스노우 화이트,영상
쇼생크 탈출,인생
쇼생크 탈출,명작
쇼생크 탈출,희망
쇼생크 탈출,감동
쇼생크 탈출,자유
캐롤,사랑
캐롤,눈빛
캐롤,캐럴
캐롤,케이트
캐롤,아름
캐롤,블란쳇
캐롤,장면
장고: 분노의 추적자,타란티노
장고: 분노의 추적자,쿠엔틴
장고: 분노의 추적자,왈츠
장고: 분노의 추적자,장고
장고: 분노의 추적자,크리스토프
장고: 분노의 추적자,슐츠
장고: 분노의 추적자,통쾌
가려진 시간,강동원
가려진 시간,여운
가려진 시간,영상
가려진 시간,동화
가려진 시간,아역
가려진 시간,성민
가려진 시간,판타지
이터널 선샤인,사랑
이터널 선샤인,기억
이터널 선샤인,이해
이터널 선샤인,인생
이터널 선샤인,추억
이터널 선샤인,헤어
라라랜드,뮤지컬
라라랜드,인생
라라랜드,남자
라라랜드,음악
라라랜드,노래
라라랜드,사랑
라라랜드,최악
애비규환,크리스털
애비규환,정수정
애비규환,가족
애비규환,연출
크루즈 패밀리: 뉴 에이지,가족
크루즈 패밀리: 뉴 에이지,어른
크루즈 패밀리: 뉴 에이지,영상
크루즈 패밀리: 뉴 에이지,감동
크루즈 패밀리: 뉴 에이지,어린이날
크루즈 패밀리: 뉴 에이지,크루즈
그녀,사랑
그녀,스칼렛
그녀,감정
그녀,영상
그녀,요한슨
그녀,목소리
그래비티,우주
그래비티,영상
그래비티,지구
그래비티,그래비티
그래비티,인생
그래비티,맥스
50가지 그림자: 해방,그레이
50가지 그림자: 해방,노래
50가지 그림자: 해방,시리즈
50가지 그림자: 해방,사랑
랑종,공포
랑종,다큐
랑종,곡성
랑종,홍진
비바리움,기분
비바리움,공포
비바리움,결말
비바리움,소름
비바리움,미스터리
칠드런 액트,에마
칠드런 액트,톰슨
칠드런 액트,여운
칠드런 액트,사랑
칠드런 액트,소년
칠드런 액트,원작
용쟁호투,이소룡
용쟁호투,액션
용쟁호투,작품
용쟁호투,무술
용쟁호투,카리스마
용쟁호투,싱하
용쟁호투,전설
로맨틱 홀리데이,로맨틱
로맨틱 홀리데이,사랑
로맨틱 홀리데이,크리스마스
로맨틱 홀리데이,행복
로맨틱 홀리데이,주드
로맨틱 홀리데이,마음
에이리언: 커버넌트,에일리언
에이리언: 커버넌트,프로메테우스
에이리언: 커버넌트,데이비드
에이리언: 커버넌트,시리즈
에이리언: 커버넌트,스콧
에이리언: 커버넌트,리들리
에이리언: 커버넌트,창조
아이 필 프리티,자존
아이 필 프리티,르네
아이 필 프리티,여자
아이 필 프리티,주인공
아이 필 프리티,외모
미드 90,연대
미드 90,감성
미드 90,영상
미드 90,시절
서치,반전
서치,연출
서치,몰입
서치,신선
서치,컴퓨터
서치,소름
레드 노티스,킬링
레드 노티스,라이언
레드 노티스,액션
레드 노티스,레이놀즈
레드 노티스,반전
위대한 개츠비,개츠비
위대한 개츠비,사랑
위대한 개츠비,데이지
위대한 개츠비,디카프리오
위대한 개츠비,여운
위대한 개츠비,원작
셔터 아일랜드,반전
셔터 아일랜드,디카프리오
셔터 아일랜드,대사
셔터 아일랜드,정신
셔터 아일랜드,소름
셔터 아일랜드,명작
셔터 아일랜드,결말
처음 만나는 자유,졸리
처음 만나는 자유,위노나
처음 만나는 자유,라이더
처음 만나는 자유,앤젤리나
처음 만나는 자유,자유
디스트릭트 9,외계인
디스트릭트 9,인간
디스트릭트 9,명작
디스트릭트 9,후속
디스트릭트 9,잔인
와일드라이프,캐리
와일드라이프,가족
와일드라이프,부모
와일드라이프,가정
와일드라이프,아들
와일드라이프,이야기
싱크홀,재난
싱크홀,감동
싱크홀,싱크홀
싱크홀,웃음
싱크홀,한국
인디아나 존스: 레이더스,존스
인디아나 존스: 레이더스,모험
인디아나 존스: 레이더스,인디아나
인디아나 존스: 레이더스,어드벤처
인디아나 존스: 레이더스,시작
인디아나 존스: 레이더스,명작
인디아나 존스: 레이더스,스필버그
인생은 아름다워,인생
인생은 아름다워,아버지
인생은 아름다워,감동
인생은 아름다워,아름
인생은 아름다워,아들
인생은 아름다워,눈물
악인전,마동석
악인전,김무열
악인전,액션
악인전,한국
악인전,김성규
악인전,오버
악인전,김규리
원스 어폰 어 타임 인… 할리우드,타란티노
원스 어폰 어 타임 인… 할리우드,브래드
원스 어폰 어 타임 인… 할리우드,피트
원스 어폰 어 타임 인… 할리우드,쿠엔틴
원스 어폰 어 타임 인… 할리우드,샤론
원스 어폰 어 타임 인… 할리우드,디카프리오
원스 어폰 어 타임 인… 할리우드,할리우드
노팅 힐,사랑
노팅 힐,줄리아
노팅 힐,로맨스
노팅 힐,그랜
노팅 힐,로버츠
노팅 힐,명작
노팅 힐,인생
예스맨,캐리
예스맨,긍정
예스맨,유쾌
예스맨,샤넬
예스맨,교훈
예스맨,한국
올 더 머니,스콧
올 더 머니,리들리
올 더 머니,미셸
올 더 머니,크리스토퍼
올 더 머니,연출
올 더 머니,실화
찰리와 초콜릿 공장,조니
찰리와 초콜릿 공장,초콜릿
찰리와 초콜릿 공장,버튼
찰리와 초콜릿 공장,윌리
찰리와 초콜릿 공장,인생
더 길티,제이크
더 길티,질런홀
점퍼,주인공
점퍼,소재
점퍼,액션
점퍼,순간이동
점퍼,점퍼
점퍼,능력
레미제라블,뮤지컬
레미제라블,감동
레미제라블,작품
레미제라블,콘서트
레미제라블,노래
레미제라블,레미
레미제라블,제라
레미제라블,극장
동주,윤동주
동주,부끄
동주,시인
동주,흑백
동주,동주
동주,송몽규
잭 리처,액션
잭 리처,크루즈
잭 리처,리처
잭 리처,추리
잭 리처,전개
잭 리처,나름
잭 리처,미션
아가씨,김민희
아가씨,박찬욱
아가씨,실망
아가씨,기분
아가씨,변태
핵소 고지,전쟁
핵소 고지,감동
핵소 고지,신념
핵소 고지,실화
핵소 고지,양심
핵소 고지,종교
핵소 고지,평론가
빅 쇼트,경제
빅 쇼트,이해
빅 쇼트,금융
빅 쇼트,다큐
빅 쇼트,고의
그것만이 내 세상,이병헌
그것만이 내 세상,감동
그것만이 내 세상,박정민
그것만이 내 세상,피아노
그것만이 내 세상,눈물
그것만이 내 세상,가슴
범죄도시,윤계상
범죄도시,마동석
범죄도시,액션
범죄도시,마블링
범죄도시,조선족
클라우스,크리스마스
클라우스,감동
클라우스,산타
클라우스,마음
클라우스,눈물
매드 맥스: 분노의 도로,액션
매드 맥스: 분노의 도로,어벤저스
매드 맥스: 분노의 도로,매드
매드 맥스: 분노의 도로,대박
매드 맥스: 분노의 도로,테론
인비저블 게스트,반전
인비저블 게스트,스릴러
인비저블 게스트,몰입
인비저블 게스트,소름
인비저블 게스트,대박
인비저블 게스트,예상
패딩턴,패딩턴
패딩턴,감동
패딩턴,마음
패딩턴,사랑
더 킹: 헨리 5세,티머시
더 킹: 헨리 5세,전쟁
더 킹: 헨리 5세,헨리
더 킹: 헨리 5세,전투
더 킹: 헨리 5세,역사
기생충,기분
기생충,가난
기생충,기생충
기생충,봉준호
기생충,불쾌
기생충,가족
기생충,냄새
남한산성,역사
남한산성,이병헌
남한산성,사극
남한산성,한국
남한산성,김윤석
남한산성,감동
헤이트풀8,타란티노
헤이트풀8,쿠엔틴
헤이트풀8,긴장감
헤이트풀8,대사
헤이트풀8,한국
헤이트풀8,초반
어바웃 타임,감동
어바웃 타임,인생
어바웃 타임,사랑
어바웃 타임,로맨스
어바웃 타임,가슴
어바웃 타임,교훈
어바웃 타임,레이첼
고스트 버스터즈,고스트
고스트 버스터즈,버스터
고스트 버스터즈,원작
고스트 버스터즈,추억
고스트 버스터즈,시리즈
고스트 버스터즈,감동
고스트 버스터즈,예전
암수살인,주지훈
암수살인,김윤석
암수살인,사투리
암수살인,한국
암수살인,범죄
암수살인,형사
암수살인,장면
극한직업,웃음
극한직업,한국
극한직업,억지
극한직업,수준
극한직업,관객
극한직업,공명
이미테이션 게임,베네딕트
이미테이션 게임,앨런
이미테이션 게임,튜링
이미테이션 게임,천재
이미테이션 게임,컴버배치
이미테이션 게임,실화
이미테이션 게임,소름
퍼시픽 림,로봇
퍼시픽 림,액션
퍼시픽 림,스케일
퍼시픽 림,거대
퍼시픽 림,정도
퍼시픽 림,트랜스포머
수퍼 소닉,소닉
수퍼 소닉,캐리
수퍼 소닉,게임
수퍼 소닉,추억
수퍼 소닉,유치
수퍼 소닉,테일즈
극장판 포켓몬스터: 뮤츠의 역습 EVOLUTION,포켓몬
극장판 포켓몬스터: 뮤츠의 역습 EVOLUTION,뮤츠
극장판 포켓몬스터: 뮤츠의 역습 EVOLUTION,아들
극장판 포켓몬스터: 뮤츠의 역습 EVOLUTION,눈물
극장판 포켓몬스터: 뮤츠의 역습 EVOLUTION,극장판
엑스 마키나,로봇
엑스 마키나,인간
엑스 마키나,인공
엑스 마키나,결말
엑스 마키나,반전
엑스 마키나,몰입
포레스트 검프,인생
포레스트 검프,포레스트
포레스트 검프,검프
포레스트 검프,감동
포레스트 검프,명작
포레스트 검프,초콜릿
나를 찾아줘,소름
나를 찾아줘,스릴러
나를 찾아줘,여자
나를 찾아줘,장면
나를 찾아줘,반전
맘마 미아!,노래
맘마 미아!,뮤지컬
맘마 미아!,음악
맘마 미아!,아바
맘마 미아!,아만다
맘마 미아!,메릴
추격자,하정우
추격자,김윤석
추격자,한국
추격자,슈퍼
추격자,스릴러
추격자,경찰
추격자,아줌마
올드보이,한국
올드보이,박찬욱
올드보이,작품
올드보이,명작
올드보이,올드
올드보이,최민식
올드보이,연출
혼자 사는 사람들,승연
혼자 사는 사람들,공감
혼자 사는 사람들,주인공
혼자 사는 사람들,요즘
혼자 사는 사람들,현실
혼자 사는 사람들,모습
원초적 본능,샤론
원초적 본능,스릴러
원초적 본능,매력
원초적 본능,명작
원초적 본능,원초
원초적 본능,스톤
원초적 본능,본능
그레이의 50가지 그림자,여자
그레이의 50가지 그림자,남자
그레이의 50가지 그림자,쓰레기
그레이의 50가지 그림자,로맨스
해바라기,김래원
해바라기,명작
해바라기,인생
해바라기,해바라기
해바라기,오태식
해바라기,한국
해바라기,속이
클래식,손예진
클래식,조승우
클래식,멜로
클래식,사랑
클래식,인생
클래식,명작
클래식,클래식
기억의 밤,강하늘
기억의 밤,반전
기억의 밤,김무열
기억의 밤,스릴
기억의 밤,긴장
기억의 밤,몰입
기억의 밤,대박
낙원의 밤,차승원
낙원의 밤,엄태구
낙원의 밤,누아르
낙원의 밤,신세계
낙원의 밤,박훈정
낙원의 밤,연출
라이언 일병 구하기,전쟁
라이언 일병 구하기,명작
라이언 일병 구하기,라이언
라이언 일병 구하기,일병
라이언 일병 구하기,인생
라이언 일병 구하기,스필버그
바이스,정치
바이스,미국
바이스,크리스천
바이스,베일
바이스,체니
바이스,연출
바이스,쿠키
캐치 미 이프 유 캔,실화
캐치 미 이프 유 캔,디카프리오
캐치 미 이프 유 캔,천재
캐치 미 이프 유 캔,사기
캐치 미 이프 유 캔,프랭크
캐치 미 이프 유 캔,명작
터미네이터 2: 심판의 날,명작
터미네이터 2: 심판의 날,터미네이터
터미네이터 2: 심판의 날,액션
터미네이터 2: 심판의 날,아널드
터미네이터 2: 심판의 날,작품
판의 미로: 오필리아와 세개의 열쇠,판타지
판의 미로: 오필리아와 세개의 열쇠,동화
판의 미로: 오필리아와 세개의 열쇠,명작
판의 미로: 오필리아와 세개의 열쇠,현실
판의 미로: 오필리아와 세개의 열쇠,잔혹
판의 미로: 오필리아와 세개의 열쇠,오필리아
승리호,한국
승리호,신파
승리호,정도
승리호,우리나라
승리호,우주
1987,가슴
1987,엔딩
1987,역사
1987,강동원
1987,눈물
1987,감사
트와일라잇,시리즈
트와일라잇,뱀파이어
트와일라잇,트와일라잇
트와일라잇,에드워드
트와일라잇,인생
트와일라잇,판타지
트와일라잇,사랑
세 얼간이,인생
세 얼간이,감동
세 얼간이,인도
세 얼간이,교훈
세 얼간이,명작
이스케이프 룸,큐브
이스케이프 룸,스릴
이스케이프 룸,탈출
이스케이프 룸,쏘우
이스케이프 룸,몰입
수어사이드 스쿼드,할리퀸
수어사이드 스쿼드,조커
수어사이드 스쿼드,캐릭터
수어사이드 스쿼드,마고
수어사이드 스쿼드,악당
메멘토,기억
메멘토,이해
메멘토,천재
메멘토,전개
메멘토,놀런
메멘토,크리스토퍼
리틀 포레스트,힐링
리틀 포레스트,마음
리틀 포레스트,류준열
리틀 포레스트,시골
리틀 포레스트,일본
리틀 포레스트,리틀
디파티드,무간도
디파티드,디카프리오
디파티드,디파티드
디파티드,명작
디파티드,연출
디파티드,긴장
디파티드,결말
미드나잇 인 파리,파리
미드나잇 인 파리,과거
미드나잇 인 파리,우디
센과 치히로의 행방불명,애니
센과 치히로의 행방불명,작품
센과 치히로의 행방불명,명작
센과 치히로의 행방불명,지브리
센과 치히로의 행방불명,인생
빽 투 더 퓨쳐,명작
빽 투 더 퓨쳐,여행
빽 투 더 퓨쳐,연대
빽 투 더 퓨쳐,시대
빽 투 더 퓨쳐,옛날
너의 이름은.,애니
너의 이름은.,일본
너의 이름은.,성우
너의 이름은.,이름
너의 이름은.,인생
공각기동대 : 고스트 인 더 쉘,원작
공각기동대 : 고스트 인 더 쉘,스칼렛
공각기동대 : 고스트 인 더 쉘,요한슨
공각기동대 : 고스트 인 더 쉘,애니
공각기동대 : 고스트 인 더 쉘,공각
공각기동대 : 고스트 인 더 쉘,기동대
공각기동대 : 고스트 인 더 쉘,액션
공각기동대 : 고스트 인 더 쉘,영상
배트맨 비긴즈,배트맨
배트맨 비긴즈,시작
배트맨 비긴즈,다크
배트맨 비긴즈,비긴즈
배트맨 비긴즈,시리즈
배트맨 비긴즈,전설
배트맨 비긴즈,명작
쥬라기 월드,공룡
쥬라기 월드,쥐라기
쥬라기 월드,랩터
쥬라기 월드,공원
쥬라기 월드,중간
쥬라기 월드,전개
쥬라기 월드,개연
부산행,한국
부산행,억지
부산행,최악
부산행,마동석
부산행,공유
부산행,감동
귀멸의 칼날 극장판 무한열차편,고쿠
귀멸의 칼날 극장판 무한열차편,애니
귀멸의 칼날 극장판 무한열차편,눈물
귀멸의 칼날 극장판 무한열차편,인생
귀멸의 칼날 극장판 무한열차편,감동
맨 인 블랙 3,감동
맨 인 블랙 3,블랙
맨 인 블랙 3,시리즈
맨 인 블랙 3,액션
맨 인 블랙 3,나름
맨 인 블랙 3,반전
맨 인 블랙 3,스미
먼 훗날 우리,사랑
먼 훗날 우리,인생
먼 훗날 우리,여운
먼 훗날 우리,엔딩
먼 훗날 우리,눈물
먼 훗날 우리,가슴
먼 훗날 우리,마음
베이비 드라이버,음악
베이비 드라이버,액션
베이비 드라이버,베이비
베이비 드라이버,개연
베이비 드라이버,주인공
베이비 드라이버,전개
쥬만지: 새로운 세계,쥬만지
쥬만지: 새로운 세계,게임
쥬만지: 새로운 세계,블랙
쥬만지: 새로운 세계,유치
쥬만지: 새로운 세계,웃음
트랜스포머: 사라진 시대,트랜스포머
트랜스포머: 사라진 시대,옵티머스
트랜스포머: 사라진 시대,액션
트랜스포머: 사라진 시대,중국
트랜스포머: 사라진 시대,로봇
트랜스포머: 사라진 시대,프라임
트랜스포머: 사라진 시대,시리즈
헝거게임: 판엠의 불꽃,원작
헝거게임: 판엠의 불꽃,제니퍼
헝거게임: 판엠의 불꽃,로렌스
헝거게임: 판엠의 불꽃,배틀
헝거게임: 판엠의 불꽃,게임
나우 유 씨 미 2,마술
나우 유 씨 미 2,중국
나우 유 씨 미 2,억지
맨 인 블랙,외계인
맨 인 블랙,상상력
맨 인 블랙,블랙
맨 인 블랙,바퀴벌레
마이너리티 리포트,스필버그
마이너리티 리포트,스티븐
마이너리티 리포트,명작
마이너리티 리포트,작품
마이너리티 리포트,미래
마이너리티 리포트,크루
스타 트렉: 더 비기닝,스타
스타 트렉: 더 비기닝,시리즈
스타 트렉: 더 비기닝,우주
스타 트렉: 더 비기닝,다크니스
스타 트렉: 더 비기닝,스팍
섹스 앤 더 시티,드라마
섹스 앤 더 시티,여자
섹스 앤 더 시티,사랑
섹스 앤 더 시티,그녀
섹스 앤 더 시티,캐리
섹스 앤 더 시티,남자
쥬라기 공원,공룡
쥬라기 공원,당시
쥬라기 공원,쥐라기
쥬라기 공원,스필버그
쥬라기 공원,명작
쥬라기 공원,스티븐
쥬라기 공원,충격
노트북,사랑
노트북,인생
노트북,감동
노트북,레이첼
러브 액츄얼리,크리스마스
러브 액츄얼리,사랑
러브 액츄얼리,러브
러브 액츄얼리,감동
러브 액츄얼리,로맨스
인터스텔라,우주
인터스텔라,인터
인터스텔라,스텔라
인터스텔라,이해
인터스텔라,상상
인터스텔라,정도
인터스텔라,과학
노인을 위한 나라는 없다,안톤
노인을 위한 나라는 없다,하비에르
노인을 위한 나라는 없다,이해
노인을 위한 나라는 없다,긴장감
노인을 위한 나라는 없다,바르뎀
노인을 위한 나라는 없다,노인
노인을 위한 나라는 없다,스릴러
거인,최우식
거인,영재
거인,가슴
거인,마음
거인,현실
거인,거인
비포 선라이즈,사랑
비포 선라이즈,대화
비포 선라이즈,비포
비포 선라이즈,대사
비포 선라이즈,하루
비포 선라이즈,로맨스
비포 선라이즈,아름
악마를 보았다,최민식
악마를 보았다,이병헌
악마를 보았다,악마
악마를 보았다,한국
악마를 보았다,복수
악마를 보았다,소름
가디언즈,겨울
가디언즈,캐릭터
가디언즈,프로
가디언즈,애니메이션
엑시트,조정석
엑시트,윤아
엑시트,재난
엑시트,한국
엑시트,감동
엑시트,엑시트
더 킹,류준열
더 킹,조인성
더 킹,정우성
더 킹,시국
더 킹,연출
더 킹,캐릭터
